<?xml version="1.0" encoding="UTF-8"?>
<project-private xmlns="http://www.netbeans.org/ns/project-private/1">
    <editor-bookmarks xmlns="http://www.netbeans.org/ns/editor-bookmarks/2" lastBookmarkId="0"/>
    <open-files xmlns="http://www.netbeans.org/ns/projectui-open-files/2">
        <group name="Java Group">
            <file>file:/C:/Users/S524975/Google%20Drive/MS/GA-Fall/Week02/Lab02Classes_Key/src/professors/Professor.java</file>
            <file>file:/C:/Users/S524975/Google%20Drive/MS/GA-Fall/Week02/Lab02Classes_Key/src/professors/ProfessorSalary.java</file>
            <file>file:/C:/Users/S524975/Google%20Drive/MS/GA-Fall/Week02/Lab02Classes_Key/src/professors/ProfessorDriver.java</file>
        </group>
    </open-files>
</project-private>
